{"AUC": 0.954199898680208, "feature_importance": {"_type": "image-file", "sha256": "4502e71d6dcc53d0fa786dc0bfcd88c6290df3cbb28f8ff99348ca6677cd08da", "size": 31016, "path": "media/images/feature_importance_0_4502e71d6dcc53d0fa78.png", "format": "png", "width": 1000, "height": 1000}, "_timestamp": 1696694029.6379368, "_runtime": 15.71273684501648, "_step": 0, "_wandb": {"runtime": 15}}